退職,通勤距離,職場環境の満足度,労働意欲,月給(ドル),人間関係の満足度,ワークライフバランス,配偶者_離婚,配偶者_結婚,配偶者_独身
Yes,1,2,3,5993,1,1,0,0,1
No,8,3,2,5130,4,3,0,1,0
Yes,2,4,2,2090,2,3,0,0,1
No,3,4,3,2909,3,3,0,1,0
No,2,1,3,3468,4,3,0,1,0
No,2,4,3,3068,3,2,0,0,1
No,3,3,4,2670,1,2,0,1,0
No,24,4,3,2693,2,3,1,0,0
No,23,4,2,9526,2,3,0,0,1
No,27,3,3,5237,2,2,0,1,0
No,16,1,4,2426,3,3,0,1,0
No,15,4,2,4193,4,3,0,0,1
No,26,1,3,2911,4,2,1,0,0
No,19,2,3,2661,3,3,1,0,0
Yes,24,3,2,2028,2,3,0,0,1
No,21,2,4,9980,3,3,1,0,0
No,5,1,4,3298,4,2,1,0,0
No,16,4,4,2935,2,2,1,0,0
No,2,1,2,15427,3,3,0,1,0
No,2,4,3,3944,3,3,0,0,1
No,11,1,4,4011,4,2,1,0,0
Yes,9,3,2,3407,2,3,0,0,1
No,7,1,3,11994,3,3,0,0,1
No,15,3,3,1232,4,3,0,0,1
Yes,6,2,3,2960,3,3,0,0,1
No,5,3,3,19094,4,2,1,0,0
Yes,16,2,1,3919,2,3,0,0,1
No,8,3,3,6825,4,3,0,1,0
No,7,1,2,10248,4,3,0,1,0
No,2,2,3,18947,4,2,0,0,1
No,2,3,3,2496,4,3,0,0,1
No,10,4,3,6465,4,4,0,1,0
No,9,4,2,2206,1,3,0,0,1
Yes,5,4,3,2086,3,4,0,1,0
Yes,1,2,3,2293,1,2,0,1,0
No,2,4,4,2645,4,2,1,0,0
Yes,3,1,2,2683,3,3,0,1,0
No,2,4,3,2014,1,3,0,1,0
No,5,2,2,3419,4,4,0,1,0
No,1,3,4,5376,1,3,0,1,0
No,4,3,3,1951,3,3,1,0,0
No,2,4,3,2341,4,3,1,0,0
Yes,25,1,1,2293,3,2,0,0,1
No,8,4,3,8726,4,3,0,0,1
No,1,3,3,4011,4,3,0,0,1
Yes,12,2,3,19545,4,3,0,1,0
No,23,2,3,4568,3,3,0,0,1
No,19,2,3,3022,1,3,0,1,0
No,5,1,3,5772,3,3,0,0,1
No,8,4,4,2269,4,3,0,1,0
Yes,1,1,2,5381,4,3,0,0,1
Yes,5,3,3,3441,3,2,0,0,1
No,1,2,3,5454,3,2,1,0,0
No,11,3,2,9884,3,3,0,1,0
No,23,3,2,4157,3,2,0,1,0
No,1,1,3,13458,3,3,0,0,1
No,18,2,3,9069,4,2,0,1,0
No,23,3,3,4014,3,3,0,1,0
No,7,4,3,5915,4,2,1,0,0
No,1,1,2,5993,3,4,1,0,0
No,1,1,3,6162,2,3,0,1,0
No,29,4,3,2406,4,3,0,0,1
No,7,2,2,18740,4,2,1,0,0
No,25,1,3,7637,4,2,0,0,1
No,8,3,3,10096,2,3,1,0,0
No,8,4,3,14756,3,3,1,0,0
No,11,2,2,6499,3,3,0,0,1
No,7,2,3,9724,3,3,1,0,0
No,1,2,3,2194,4,2,0,1,0
Yes,9,4,2,3388,1,2,0,1,0
No,1,1,2,5473,4,2,0,0,1
No,2,3,3,2703,4,3,0,1,0
No,1,3,3,2501,2,3,0,0,1
No,1,2,3,6220,2,3,0,1,0
No,6,2,4,3038,2,3,0,1,0
No,8,3,3,4424,4,3,0,0,1
No,1,3,2,4312,2,3,0,0,1
No,6,4,3,13245,2,4,0,1,0
No,7,1,3,13664,1,4,0,0,1
No,5,2,3,5021,4,3,1,0,0
No,1,4,2,5126,3,2,0,1,0
No,1,2,2,2859,1,3,0,0,1
No,1,1,3,10239,4,3,0,1,0
No,6,2,1,5329,4,3,1,0,0
No,1,1,3,4325,3,3,0,1,0
No,7,4,1,7260,1,2,0,0,1
No,2,3,3,2322,3,3,1,0,0
No,9,4,3,2075,2,3,0,1,0
No,2,3,2,4152,1,3,0,1,0
Yes,9,3,2,9619,4,3,0,0,1
No,1,3,2,13503,4,2,0,1,0
No,21,3,3,5441,4,1,0,0,1
No,4,3,2,5209,2,2,1,0,0
No,1,3,2,10673,3,2,0,1,0
No,6,2,3,5010,1,3,0,0,1
No,2,1,3,13549,1,1,0,1,0
No,3,1,3,4999,1,2,0,1,0
No,4,2,3,4221,2,4,0,1,0
No,10,4,3,13872,3,2,0,0,1
No,23,2,3,2042,3,4,0,1,0
Yes,6,3,3,2073,4,3,1,0,0
No,1,4,3,2956,4,3,0,0,1
Yes,6,4,2,2926,2,3,0,0,1
No,6,1,3,4809,3,3,0,0,1
No,2,3,2,5163,4,4,1,0,0
No,2,3,2,18844,4,3,0,1,0
No,1,1,3,18172,1,2,0,1,0
Yes,5,3,2,5744,4,3,0,0,1
No,7,4,2,2889,3,3,0,1,0
No,15,2,3,2871,3,3,0,0,1
No,1,1,2,7484,3,2,0,0,1
Yes,7,1,1,6074,4,3,0,0,1
No,26,4,4,17328,3,3,0,0,1
No,18,2,3,2774,3,3,0,1,0
No,6,3,2,4505,3,3,1,0,0
No,3,3,3,7428,1,3,0,0,1
No,5,3,2,11631,4,3,0,0,1
No,11,2,3,9738,3,3,0,1,0
No,3,1,3,2835,1,3,1,0,0
No,26,3,3,16959,4,4,0,1,0
No,23,1,1,2613,3,2,1,0,0
No,22,3,3,6146,1,4,0,1,0
Yes,14,2,3,4963,1,3,0,1,0
No,6,1,3,19537,3,3,0,0,1
Yes,6,2,1,6172,2,2,0,1,0
No,6,3,2,2368,3,2,0,1,0
Yes,23,4,3,10312,4,2,0,1,0
Yes,22,4,3,1675,4,2,0,0,1
No,2,3,3,2523,3,3,0,1,0
No,20,3,3,6567,3,2,0,1,0
No,28,2,4,4739,4,3,0,0,1
No,12,3,3,9208,4,3,0,0,1
Yes,20,2,1,4559,3,3,0,1,0
No,9,3,3,8189,3,3,1,0,0
No,25,3,3,2942,4,3,0,1,0
No,6,2,3,4941,4,3,1,0,0
Yes,8,1,1,10650,4,3,0,0,1
No,4,4,2,5902,3,4,0,1,0
No,28,1,2,8639,4,3,0,1,0
No,9,3,3,6347,4,1,0,1,0
Yes,9,1,3,4200,1,4,0,0,1
No,29,3,3,3452,2,2,0,0,1
No,3,4,3,4317,2,3,0,0,1
No,18,1,3,2632,3,2,0,0,1
No,9,4,1,4668,4,4,1,0,0
No,5,4,3,3204,4,3,1,0,0
No,2,2,2,2720,4,3,0,0,1
No,10,4,2,17181,2,2,1,0,0
No,9,3,3,2238,4,3,0,1,0
No,3,2,3,1483,4,3,0,0,1
No,26,2,3,5605,1,3,1,0,0
No,1,3,3,7295,1,3,0,1,0
No,6,2,3,2306,4,1,0,1,0
No,9,2,3,2348,3,1,1,0,0
No,8,2,3,8998,4,3,0,0,1
No,1,4,3,4319,1,3,0,1,0
No,7,2,2,6132,3,3,0,1,0
No,9,2,2,3346,2,2,0,1,0
No,4,3,2,10855,1,2,0,1,0
No,2,3,3,2231,4,3,0,1,0
No,19,3,3,2323,1,3,0,1,0
No,9,4,3,2024,4,1,1,0,0
No,21,3,3,2713,3,1,0,1,0
No,24,3,4,9439,2,1,1,0,0
No,3,3,2,2566,4,2,1,0,0
No,11,3,3,19926,2,3,0,0,1
No,14,1,3,2451,1,3,1,0,0
No,5,2,3,9419,3,3,0,1,0
No,1,1,2,8686,3,4,0,0,1
No,6,3,3,3038,1,3,0,0,1
No,17,3,3,3058,4,2,0,1,0
Yes,1,3,1,2325,1,4,0,0,1
No,3,4,3,2088,3,2,0,0,1
No,9,3,3,3072,3,3,1,0,0
No,4,3,3,5006,1,4,1,0,0
No,8,3,3,4257,3,3,1,0,0
No,2,3,3,2500,1,4,0,0,1
Yes,2,2,2,1102,3,2,0,0,1
No,1,2,3,10453,3,3,1,0,0
No,9,3,3,2288,3,3,0,0,1
No,12,3,3,3929,3,3,0,1,0
No,27,4,3,2311,4,3,0,0,1
Yes,20,2,3,3140,4,2,0,0,1
No,1,3,2,3690,4,2,0,1,0
No,13,4,4,4450,3,3,1,0,0
No,14,4,3,2756,4,3,0,1,0
No,4,4,3,19033,2,3,0,1,0
No,14,3,4,18722,4,3,0,0,1
No,2,4,2,9547,3,2,0,1,0
No,3,4,3,13734,3,3,0,0,1
No,1,3,2,19999,1,3,0,1,0
No,9,4,3,2279,4,2,0,0,1
Yes,23,2,2,5916,1,3,0,1,0
No,7,4,4,2089,4,4,1,0,0
No,2,1,2,16792,4,3,0,1,0
No,21,2,4,3564,1,2,0,1,0
No,2,2,3,4425,4,3,0,0,1
No,21,3,3,5265,2,3,1,0,0
No,2,4,3,6553,2,3,0,1,0
No,29,4,3,6261,1,1,0,1,0
No,1,3,2,4298,3,3,0,1,0
No,18,4,3,6804,1,3,1,0,0
No,10,4,3,3815,4,4,1,0,0
No,19,3,3,2741,3,4,0,1,0
Yes,29,2,3,6673,2,3,0,1,0
Yes,27,2,3,7639,4,2,0,1,0
No,5,4,4,2328,1,2,1,0,0
No,18,2,3,2153,1,3,0,0,1
No,9,4,2,4876,4,1,0,1,0
No,1,4,3,9396,3,3,1,0,0
Yes,4,4,1,10400,3,2,0,1,0
No,1,3,2,8474,3,3,0,0,1
No,20,4,3,9981,4,3,0,0,1
No,8,2,2,12490,4,1,0,1,0
Yes,3,4,3,2657,3,3,0,0,1
No,6,4,3,13591,3,3,0,0,1
Yes,26,3,2,6696,3,2,0,0,1
Yes,1,3,3,2058,4,2,0,0,1
No,6,4,2,8865,4,3,0,0,1
No,3,4,3,5940,4,3,0,1,0
No,5,4,3,5914,4,4,0,0,1
No,4,3,2,2622,4,3,0,1,0
No,11,2,3,12185,3,3,1,0,0
No,3,1,3,10609,3,2,1,0,0
No,1,3,1,4345,4,3,0,1,0
No,3,3,2,2177,1,3,0,1,0
No,4,1,3,2793,3,3,1,0,0
No,1,2,3,7918,4,3,0,1,0
No,1,3,3,8789,1,4,0,0,1
Yes,18,3,2,2389,3,2,0,0,1
No,2,3,2,3212,2,2,0,0,1
No,4,3,3,19232,4,3,0,1,0
No,6,2,3,2267,4,2,0,1,0
No,1,4,3,19517,3,2,1,0,0
Yes,14,3,3,2436,3,1,0,1,0
No,16,4,3,16064,3,3,0,1,0
Yes,2,1,3,2707,1,4,0,1,0
No,2,1,2,19068,4,4,0,0,1
No,4,3,3,3931,1,3,0,1,0
Yes,1,4,2,3730,4,1,0,0,1
No,1,3,3,2232,3,3,1,0,0
No,26,3,3,4465,1,3,0,1,0
No,19,3,3,3072,1,2,1,0,0
No,24,1,3,3319,1,3,1,0,0
No,1,3,4,19202,3,3,0,1,0
No,3,2,3,13675,1,3,1,0,0
No,5,3,2,2911,3,2,0,1,0
No,2,4,2,5957,2,3,0,1,0
No,1,3,2,3920,1,2,0,1,0
No,7,1,4,6434,4,3,0,1,0
Yes,10,1,3,10048,2,3,1,0,0
No,2,3,3,10938,4,3,0,0,1
No,15,3,3,2340,1,3,0,0,1
No,17,4,4,6545,3,3,0,0,1
No,20,4,3,6931,4,3,1,0,0
No,1,1,3,4898,4,3,0,1,0
No,2,4,2,2593,3,3,1,0,0
No,2,1,3,19436,4,3,1,0,0
No,1,3,3,2723,2,2,0,1,0
Yes,29,3,2,3479,2,4,0,0,1
No,7,2,4,2794,3,1,0,1,0
No,2,4,2,5249,4,3,0,1,0
No,2,4,2,2176,4,3,0,0,1
No,2,3,1,16872,2,2,0,1,0
Yes,2,1,3,3485,3,1,0,0,1
No,2,1,2,6644,2,3,0,1,0
No,23,2,2,5582,2,3,0,1,0
No,5,2,4,4000,4,3,1,0,0
No,20,3,3,13496,2,3,0,1,0
No,6,4,3,3210,3,3,0,1,0
No,1,4,3,19045,3,3,0,0,1
Yes,29,1,3,11849,4,2,0,1,0
No,9,4,3,2070,4,2,0,1,0
No,6,3,3,6502,2,4,0,1,0
No,3,4,2,3230,1,4,0,0,1
No,1,1,3,13603,1,3,1,0,0
No,22,2,4,11996,2,2,1,0,0
No,7,1,4,5605,3,3,1,0,0
No,1,3,3,6397,1,1,1,0,0
No,4,1,3,19144,1,2,1,0,0
No,3,3,3,17584,4,2,0,1,0
No,1,2,3,4907,3,3,0,1,0
No,2,2,3,4554,1,2,0,0,1
No,20,2,3,5415,4,3,0,1,0
No,11,1,3,4741,3,3,0,1,0
No,1,4,3,2115,2,3,0,0,1
Yes,24,4,3,3161,4,1,1,0,0
No,23,4,3,5745,2,3,1,0,0
Yes,16,1,3,2373,4,3,1,0,0
No,8,4,3,3310,4,3,0,0,1
No,10,3,3,18665,4,3,0,0,1
No,3,3,3,4485,4,3,0,0,1
No,5,4,3,2789,3,2,1,0,0
Yes,4,4,2,5828,2,3,0,0,1
No,9,2,3,2326,3,2,0,1,0
No,26,3,3,13525,4,4,0,1,0
Yes,3,3,3,1420,3,3,0,0,1
No,16,3,3,8020,3,2,0,1,0
No,18,3,4,3688,4,3,0,1,0
No,2,4,1,5482,4,3,1,0,0
No,2,4,3,16015,2,3,0,0,1
No,10,4,2,1200,1,3,0,0,1
No,16,2,4,5661,3,3,0,0,1
No,7,2,4,6929,2,2,0,1,0
No,1,3,4,9613,1,2,1,0,0
No,24,2,3,5674,3,3,0,1,0
No,7,4,2,5484,3,2,0,1,0
No,25,1,2,12061,3,3,0,1,0
No,1,4,1,5660,4,3,1,0,0
No,5,3,3,4821,3,3,0,1,0
No,2,1,2,6410,4,3,0,1,0
No,7,1,3,5210,1,3,1,0,0
No,2,3,3,2695,2,1,1,0,0
No,5,4,3,11878,2,3,0,1,0
No,10,3,3,17068,4,3,0,1,0
No,10,3,3,2455,1,3,0,0,1
No,1,3,2,13964,4,3,0,0,1
Yes,8,3,2,4941,1,2,0,1,0
No,5,3,3,2478,2,2,0,0,1
No,8,3,2,5228,4,3,0,1,0
No,2,4,3,4478,1,3,0,0,1
No,7,4,3,7547,4,3,1,0,0
No,2,1,4,5055,3,2,0,0,1
Yes,2,1,1,3464,4,2,0,1,0
No,28,4,3,5775,4,3,0,1,0
No,7,3,2,8943,1,3,0,1,0
No,7,3,2,19272,1,3,0,1,0
Yes,3,4,3,5238,1,2,0,1,0
No,10,2,2,4682,3,2,0,0,1
No,5,4,3,18300,2,3,0,1,0
No,10,3,2,5257,2,4,1,0,0
No,1,3,3,6349,4,3,0,1,0
No,20,4,3,4869,4,2,0,0,1
No,7,3,3,9985,1,2,0,1,0
No,8,4,3,3697,1,3,0,1,0
No,1,2,1,7457,3,2,0,1,0
Yes,8,2,1,2119,4,2,0,1,0
No,9,2,2,3983,3,3,0,0,1
No,5,4,2,6118,3,3,1,0,0
No,8,2,3,6214,1,3,0,1,0
No,5,4,3,6347,3,2,1,0,0
No,15,3,2,11510,2,3,1,0,0
No,7,3,3,7143,3,2,0,0,1
No,10,4,2,8268,1,3,1,0,0
No,5,3,3,8095,4,3,0,0,1
No,26,3,3,2904,3,2,1,0,0
No,6,4,2,6032,4,3,0,0,1
No,4,2,3,2976,1,3,0,0,1
No,23,1,3,15992,2,3,0,0,1
No,2,4,3,4649,1,2,0,1,0
No,2,3,3,2696,3,3,1,0,0
No,2,3,3,2370,3,3,0,1,0
No,29,1,3,12504,2,1,0,1,0
No,6,3,4,5974,1,3,1,0,0
No,25,4,3,4736,2,4,0,1,0
No,1,3,3,5296,2,3,0,1,0
No,2,1,2,6781,2,3,0,0,1
Yes,1,1,2,2174,3,3,0,0,1
No,1,4,3,6653,2,3,0,0,1
No,3,1,2,9699,1,3,0,1,0
No,1,4,3,6755,3,3,0,1,0
No,10,4,4,2213,3,3,0,1,0
No,9,1,3,2610,3,2,0,0,1
Yes,5,4,3,2851,2,3,0,0,1
No,10,3,3,3452,2,3,0,1,0
No,7,3,3,5258,3,4,0,1,0
Yes,4,1,3,9355,3,3,0,0,1
No,10,4,2,10496,4,3,0,0,1
Yes,22,3,2,6380,1,3,0,1,0
No,9,3,2,2657,4,3,0,0,1
Yes,12,3,4,2716,4,3,0,0,1
No,23,4,3,2201,4,3,0,0,1
No,9,3,2,6540,3,3,0,0,1
No,1,4,3,3816,2,3,1,0,0
No,9,2,3,5253,4,3,0,0,1
No,7,2,2,10965,3,3,0,0,1
No,14,3,3,4936,3,2,0,1,0
No,2,4,3,2543,2,3,0,1,0
Yes,19,1,4,5304,2,2,0,0,1
No,2,3,3,16659,3,3,0,0,1
No,10,4,3,4260,4,4,1,0,0
No,2,3,3,2476,1,3,0,1,0
Yes,3,3,3,3102,3,3,0,0,1
No,11,1,3,2244,4,3,0,1,0
No,2,2,2,7596,2,3,0,1,0
Yes,4,3,3,2285,3,3,0,0,1
No,14,4,3,3034,3,2,1,0,0
No,2,4,3,5715,3,3,1,0,0
No,1,2,3,2576,2,3,1,0,0
No,10,3,3,4197,4,2,0,0,1
No,12,1,2,14336,3,3,1,0,0
No,2,2,2,3448,2,3,0,1,0
No,5,1,3,19406,3,2,0,1,0
No,4,3,3,6538,1,3,0,1,0
No,7,2,3,4306,2,1,0,1,0
No,21,4,3,2258,1,3,0,1,0
No,8,3,3,4522,4,3,1,0,0
No,4,2,2,4487,2,3,0,0,1
No,25,2,3,4449,1,3,0,1,0
No,1,4,2,2218,3,3,0,1,0
No,1,2,3,19197,3,3,1,0,0
No,6,3,4,13212,4,2,0,1,0
No,12,2,3,6577,2,3,0,0,1
No,1,2,4,8392,3,3,0,1,0
No,17,3,3,4558,4,3,1,0,0
Yes,3,1,3,4031,3,3,0,1,0
No,3,4,2,7969,3,3,0,1,0
No,10,1,3,2654,4,2,0,1,0
No,4,4,3,16555,4,1,0,1,0
No,29,1,3,4556,2,3,1,0,0
No,2,3,1,6091,3,3,0,0,1
No,7,1,3,19566,4,1,0,1,0
No,18,3,3,4810,3,2,1,0,0
No,28,4,2,4523,4,4,0,1,0
Yes,1,1,3,3202,2,3,0,0,1
Yes,6,4,1,2351,4,2,1,0,0
No,2,4,3,1702,3,3,0,1,0
No,2,3,3,18041,4,3,0,1,0
No,23,1,3,2886,2,1,1,0,0
No,3,3,3,2097,3,1,0,1,0
No,3,2,2,11935,3,3,0,1,0
Yes,25,3,2,2546,2,4,0,1,0
Yes,2,1,2,2564,3,4,0,0,1
No,22,3,3,8412,3,3,0,1,0
No,29,1,2,14118,3,2,1,0,0
No,29,2,2,17046,2,3,0,1,0
No,2,3,3,2564,3,2,0,0,1
No,28,3,2,10266,4,4,0,1,0
No,2,1,3,5070,3,3,1,0,0
No,2,1,3,17861,3,1,0,1,0
No,22,4,1,4230,3,3,0,0,1
No,8,3,3,3780,3,3,0,0,1
No,2,4,2,2768,3,3,1,0,0
No,10,3,2,9071,3,3,0,1,0
No,9,3,3,10648,4,4,1,0,0
Yes,15,2,3,13610,4,4,0,1,0
Yes,10,1,1,3408,1,3,1,0,0
No,7,4,3,2983,1,3,0,0,1
No,16,4,3,7632,3,3,0,1,0
Yes,20,1,3,9824,1,3,0,1,0
Yes,23,2,3,9950,3,3,1,0,0
No,5,2,3,2093,4,3,0,1,0
No,10,2,3,9980,4,2,0,0,1
Yes,4,3,2,3894,3,3,0,0,1
No,2,2,3,4051,1,3,0,1,0
No,18,1,3,16835,4,3,0,0,1
No,10,4,3,6230,4,3,0,0,1
No,1,2,3,4717,3,3,0,1,0
No,6,2,3,13237,3,3,0,0,1
No,8,3,3,3755,1,3,0,1,0
No,2,2,3,6582,3,4,0,0,1
No,24,4,3,7406,4,2,0,1,0
No,2,4,3,4805,2,4,0,1,0
Yes,17,2,3,2741,2,2,1,0,0
No,19,4,3,4262,2,4,1,0,0
No,1,1,4,16184,3,3,1,0,0
No,7,3,2,11557,3,2,1,0,0
Yes,5,2,3,1878,4,3,0,0,1
No,28,3,1,10932,3,3,1,0,0
No,2,1,2,6811,1,3,0,0,1
No,29,1,3,4306,1,3,1,0,0
No,1,1,3,4859,4,3,0,0,1
No,21,4,4,5337,4,3,0,0,1
Yes,24,3,1,2340,2,1,0,0,1
No,1,2,3,7491,4,4,0,0,1
No,18,1,3,10527,4,2,0,1,0
No,2,2,3,16595,2,3,0,1,0
No,9,1,3,8834,4,3,1,0,0
No,6,4,3,5577,2,3,1,0,0
Yes,11,4,4,4707,4,3,0,1,0
No,24,4,3,2400,3,3,0,1,0
No,10,3,3,9824,3,3,0,1,0
No,1,2,3,6447,2,2,0,1,0
No,18,4,2,19502,3,3,1,0,0
No,23,2,4,2725,2,3,0,1,0
No,28,1,3,6272,4,4,0,1,0
No,17,4,2,2127,4,3,0,1,0
No,3,1,3,18200,3,3,0,1,0
No,13,2,3,2096,3,3,0,1,0
Yes,7,1,3,2886,4,3,0,1,0
Yes,12,2,2,2033,3,4,0,1,0
No,1,2,2,3622,4,3,0,1,0
Yes,13,2,3,4233,3,1,1,0,0
No,25,1,2,3681,4,3,0,0,1
No,6,1,4,5460,4,4,1,0,0
No,6,1,2,2187,3,2,1,0,0
No,2,4,3,9602,3,2,0,1,0
No,1,4,2,2836,4,4,0,0,1
No,2,3,3,4089,2,3,0,1,0
No,6,2,2,16627,3,2,1,0,0
No,1,3,3,2619,4,2,0,0,1
No,9,4,3,5679,2,3,1,0,0
No,1,4,2,15402,1,1,0,1,0
No,1,1,2,5985,2,4,0,0,1
No,14,3,3,2579,4,3,1,0,0
Yes,2,3,3,3041,2,3,1,0,0
No,22,3,3,3447,3,3,0,0,1
No,3,4,3,19513,1,4,0,1,0
No,6,1,3,2773,4,3,0,1,0
No,8,3,3,7104,4,3,1,0,0
No,9,1,3,6322,4,2,0,1,0
No,3,3,3,2083,3,3,1,0,0
No,1,4,3,8381,4,4,0,0,1
No,1,2,3,2691,4,2,0,1,0
Yes,26,1,3,4286,4,3,0,1,0
No,6,3,3,2659,3,3,0,1,0
No,3,3,3,9434,3,3,0,1,0
No,3,2,3,5561,1,2,0,1,0
No,6,2,1,6646,2,3,0,0,1
No,6,3,3,7725,3,1,1,0,0
No,19,3,3,10725,3,4,0,1,0
No,9,2,2,8847,3,3,1,0,0
No,3,1,2,2045,4,3,0,0,1
Yes,10,4,3,1009,4,3,0,0,1
Yes,3,1,3,3348,1,3,0,0,1
No,3,3,2,1281,3,3,0,1,0
No,4,1,4,2819,1,4,0,1,0
No,8,4,4,4851,3,3,0,1,0
No,7,4,2,4028,1,3,0,0,1
No,1,2,1,2720,4,3,1,0,0
No,2,2,4,8120,4,3,0,1,0
No,3,4,4,4647,2,3,1,0,0
No,10,4,4,4680,1,3,0,0,1
No,28,4,4,3221,3,3,0,1,0
No,9,4,2,8621,2,4,0,0,1
Yes,3,1,3,4577,1,3,0,0,1
No,2,4,2,4553,1,3,0,0,1
No,10,4,3,5396,4,2,0,0,1
Yes,8,2,3,6796,1,3,0,1,0
No,1,2,4,7625,3,2,0,0,1
No,1,3,3,7412,4,3,0,1,0
No,3,3,3,11159,4,3,0,0,1
No,14,4,3,4960,4,3,0,0,1
No,5,4,2,10475,3,3,0,1,0
No,7,3,4,14814,3,3,0,1,0
No,10,2,2,19141,2,2,1,0,0
No,16,1,3,5405,4,3,0,0,1
No,10,4,3,8793,3,2,1,0,0
No,1,4,2,19189,2,3,0,1,0
No,8,4,3,3875,4,3,0,1,0
Yes,1,1,1,2216,4,3,0,0,1
No,8,1,4,11713,1,3,0,1,0
No,1,3,3,7861,4,4,0,0,1
No,24,1,1,3708,3,3,0,0,1
No,3,4,3,13770,4,2,1,0,0
No,27,3,3,5304,4,2,1,0,0
No,10,3,3,2642,3,3,0,0,1
Yes,19,3,4,2759,4,3,1,0,0
No,15,4,2,6804,3,3,0,1,0
No,8,2,3,6142,4,3,0,0,1
No,9,2,3,2500,4,4,0,1,0
No,3,3,4,6389,3,1,0,1,0
No,9,3,3,11103,3,2,0,1,0
No,2,4,2,2342,4,2,0,0,1
No,7,4,2,6811,1,1,0,0,1
No,10,4,3,2297,4,3,1,0,0
No,6,4,3,2450,4,3,0,0,1
No,2,4,3,5093,1,4,1,0,0
No,24,1,3,5309,4,3,0,1,0
No,2,4,3,3057,2,1,0,1,0
No,8,2,3,5121,3,3,1,0,0
No,3,3,2,16856,1,4,0,1,0
Yes,1,4,3,2686,3,2,0,0,1
No,26,3,3,6180,2,2,0,0,1
No,2,2,1,6632,1,3,0,0,1
No,10,1,4,3505,4,3,0,0,1
Yes,27,2,4,6397,4,3,0,0,1
No,2,4,3,6274,3,3,0,0,1
Yes,2,4,3,19859,4,3,0,1,0
No,8,1,2,7587,2,3,0,0,1
No,19,4,3,4258,1,3,0,1,0
No,1,1,1,4364,1,3,1,0,0
No,27,2,3,4335,1,2,0,1,0
Yes,8,4,2,5326,3,2,0,0,1
No,1,2,4,3280,3,3,0,0,1
No,19,4,3,5485,2,3,1,0,0
No,8,3,3,4342,2,3,0,1,0
No,10,4,3,2782,2,2,1,0,0
No,2,1,4,5980,4,3,0,0,1
No,2,3,2,4381,3,3,0,0,1
No,8,1,3,2572,2,2,0,1,0
No,1,4,1,3833,3,3,0,1,0
No,2,3,4,4244,4,3,0,1,0
No,8,3,3,6500,2,3,0,1,0
No,8,2,3,18430,2,2,1,0,0
Yes,6,3,4,1601,3,3,0,1,0
No,9,3,2,2694,3,3,1,0,0
No,11,4,3,3149,2,3,0,1,0
No,2,3,3,17639,4,3,0,1,0
Yes,1,2,2,2319,4,3,0,1,0
No,7,3,3,11691,4,4,0,1,0
Yes,16,1,3,5324,3,3,0,0,1
No,2,3,3,16752,3,2,0,1,0
No,1,3,3,5228,1,3,0,1,0
No,23,3,4,2700,3,3,0,1,0
Yes,2,4,3,19246,4,3,0,0,1
No,1,4,4,2506,3,3,0,0,1
No,1,4,2,6062,4,3,0,1,0
Yes,2,3,3,4382,4,2,0,0,1
No,13,3,3,2143,2,3,0,1,0
No,4,3,2,6162,3,3,0,1,0
No,16,1,2,5094,4,3,0,0,1
No,2,3,2,6877,2,2,0,0,1
No,2,2,2,2274,4,3,0,0,1
No,29,2,3,4434,4,2,0,1,0
No,12,1,2,6288,3,2,1,0,0
No,16,3,2,2553,3,3,0,0,1
Yes,11,3,3,7654,1,4,0,1,0
Yes,2,3,3,5160,3,2,0,0,1
No,14,2,3,17159,3,3,0,1,0
No,5,3,2,12808,2,3,1,0,0
No,7,3,3,10221,2,4,0,0,1
No,2,2,3,4779,1,3,0,1,0
No,3,3,3,3737,3,1,0,1,0
Yes,5,3,2,2366,1,3,0,1,0
No,3,4,3,1706,3,2,0,1,0
No,26,1,3,16307,3,2,0,1,0
No,4,4,3,5933,4,2,0,0,1
No,2,1,4,3424,3,2,0,0,1
No,1,1,4,4037,1,3,1,0,0
No,27,3,2,2559,4,2,0,0,1
No,1,2,3,6201,4,2,0,1,0
No,13,2,3,4403,3,2,1,0,0
No,5,2,2,3761,2,2,1,0,0
No,7,1,2,10934,4,3,0,1,0
No,9,4,3,10761,3,3,1,0,0
No,8,3,4,5175,3,2,0,1,0
No,25,3,2,13826,3,3,0,1,0
No,16,4,2,6334,4,3,1,0,0
No,8,2,2,4936,4,3,1,0,0
No,1,4,2,4775,1,1,0,1,0
No,8,1,4,2818,3,2,0,1,0
No,2,2,3,2515,4,3,0,0,1
No,8,1,2,2342,3,3,0,1,0
No,3,3,3,4194,4,3,0,1,0
No,9,4,2,10685,2,3,0,1,0
Yes,25,4,3,2022,1,2,1,0,0
No,1,4,3,2314,2,3,1,0,0
No,4,3,2,4256,1,4,0,1,0
No,1,3,3,3580,2,3,0,1,0
No,4,1,2,3162,4,2,0,1,0
No,5,2,3,6524,4,3,0,1,0
No,9,2,2,2899,4,3,0,1,0
No,3,3,4,5231,2,2,0,1,0
No,11,4,3,2356,2,3,0,1,0
Yes,1,2,2,2800,3,3,1,0,0
No,8,1,3,11836,3,3,0,1,0
No,25,4,2,10903,1,3,0,1,0
No,21,3,3,2973,2,3,0,1,0
No,23,4,3,14275,3,3,0,0,1
No,1,4,3,5562,2,2,0,1,0
No,2,3,3,4537,1,3,0,1,0
No,19,1,3,7642,4,3,0,0,1
No,2,1,3,17924,4,3,1,0,0
No,2,4,2,5204,3,3,0,1,0
No,3,4,3,2277,3,4,1,0,0
Yes,25,1,3,2795,3,1,0,0,1
No,7,1,2,2532,3,3,1,0,0
No,9,2,3,2559,4,3,0,1,0
No,5,1,3,4908,2,3,0,0,1
Yes,2,4,2,2380,4,2,1,0,0
No,8,1,3,4765,3,4,1,0,0
Yes,2,3,2,2044,4,2,0,0,1
Yes,18,4,3,2693,1,2,0,0,1
No,14,3,3,6586,1,2,0,1,0
No,2,4,2,3294,1,2,0,0,1
Yes,3,2,3,4171,1,4,0,1,0
Yes,2,2,1,2778,3,2,1,0,0
No,9,3,3,2377,2,3,1,0,0
Yes,6,4,3,2404,4,1,0,1,0
No,4,2,3,2318,3,3,0,0,1
No,10,2,3,2008,2,3,1,0,0
No,14,3,2,6244,1,3,0,0,1
No,1,3,2,2799,2,3,0,0,1
No,5,3,2,10552,4,3,1,0,0
No,7,2,2,2329,2,4,0,1,0
No,21,4,3,4014,4,1,0,1,0
No,8,1,3,7403,3,2,0,1,0
No,20,4,3,2259,1,2,0,1,0
No,20,4,3,6932,4,2,0,1,0
No,7,2,3,4678,3,3,0,0,1
No,1,4,3,13582,2,3,0,1,0
No,1,3,2,2332,3,3,0,1,0
Yes,19,3,2,2413,3,3,0,1,0
No,10,1,2,9705,2,2,1,0,0
No,1,3,2,4294,2,3,0,0,1
No,6,4,3,4721,3,3,0,0,1
No,2,3,3,2519,3,3,0,0,1
Yes,21,4,2,2121,2,4,0,0,1
Yes,4,1,3,2973,2,3,0,0,1
No,12,4,3,5855,3,1,0,1,0
No,9,4,3,3617,4,3,1,0,0
No,3,3,3,6725,3,4,0,1,0
Yes,3,3,2,10325,1,3,0,1,0
No,1,2,2,6949,1,3,0,0,1
Yes,1,1,2,10609,3,1,0,1,0
No,4,3,3,4447,2,2,0,1,0
No,20,3,3,2157,2,3,0,1,0
No,18,3,3,4601,2,3,0,1,0
No,1,4,3,17099,2,2,0,1,0
Yes,2,4,3,2479,1,3,0,0,1
No,2,3,3,14852,3,4,1,0,0
No,8,3,3,7264,1,4,1,0,0
No,10,3,3,5666,2,3,0,0,1
No,3,4,3,7823,2,3,1,0,0
No,2,1,4,7880,4,3,0,0,1
Yes,24,2,4,13194,4,2,0,0,1
No,16,3,4,5067,3,4,1,0,0
No,8,1,3,5079,4,3,1,0,0
Yes,9,3,2,2321,1,3,0,0,1
No,17,4,3,17444,4,3,0,0,1
Yes,10,4,2,2404,3,3,0,0,1
No,13,2,3,3452,1,3,0,0,1
No,1,4,3,2270,4,3,1,0,0
No,1,4,3,17399,3,2,1,0,0
No,1,3,4,5488,1,3,0,1,0
No,9,1,3,19419,2,4,1,0,0
No,16,3,3,2811,2,3,0,1,0
No,23,4,3,3633,3,3,0,1,0
No,4,4,3,4163,3,3,0,0,1
Yes,22,1,3,2132,2,3,0,1,0
No,24,4,3,13973,4,3,0,1,0
No,10,3,3,2684,2,2,0,1,0
No,7,4,3,10845,2,3,1,0,0
No,17,4,2,4377,2,3,1,0,0
Yes,14,3,2,3743,4,1,1,0,0
No,1,3,3,4148,3,3,0,1,0
No,5,2,3,1051,4,3,0,0,1
No,17,3,3,10739,3,3,0,1,0
No,25,3,3,10388,3,2,1,0,0
No,8,2,4,11416,3,2,0,1,0
Yes,11,4,2,2600,1,3,0,0,1
Yes,5,2,3,2422,1,3,0,0,1
No,2,4,4,5472,2,3,0,1,0
No,8,2,1,2451,1,2,0,1,0
No,6,1,2,4240,4,3,0,0,1
No,4,3,2,10999,2,3,0,0,1
No,7,4,3,5003,2,3,0,0,1
No,1,4,2,12742,3,3,0,1,0
No,2,1,3,4227,2,3,0,1,0
No,10,2,3,3917,1,2,1,0,0
No,5,4,3,18303,2,4,0,1,0
No,9,1,3,2380,2,3,0,1,0
No,2,3,2,13726,1,3,0,0,1
Yes,11,1,1,4777,1,1,0,1,0
No,18,3,3,6385,4,3,0,1,0
No,7,2,1,19973,2,3,1,0,0
No,3,2,3,6861,3,3,0,0,1
Yes,29,2,1,4969,4,3,0,0,1
Yes,2,1,1,19845,4,3,0,1,0
No,28,4,4,13320,3,3,0,1,0
No,1,4,3,6347,1,3,0,1,0
Yes,16,3,4,2743,3,3,0,0,1
No,22,4,3,10880,3,3,0,0,1
No,8,2,2,2342,4,2,0,0,1
No,11,4,3,17650,2,4,0,1,0
No,29,4,3,4025,2,3,0,0,1
No,1,2,4,9725,4,2,1,0,0
No,1,2,3,11904,3,1,0,1,0
No,24,2,3,2177,1,3,0,0,1
No,2,3,2,7525,1,3,0,1,0
Yes,15,1,3,4834,2,2,1,0,0
Yes,2,1,3,2042,2,3,0,1,0
No,10,3,3,2220,4,3,0,1,0
No,10,4,3,1052,2,3,0,1,0
No,3,3,3,2821,1,3,0,1,0
No,2,2,3,19237,4,2,0,1,0
No,3,4,3,4107,1,2,0,0,1
No,26,3,3,8396,2,2,0,1,0
No,1,1,2,2007,3,3,1,0,0
No,1,4,3,19627,4,3,1,0,0
No,2,3,2,10686,2,3,0,1,0
No,9,1,3,2942,2,3,0,1,0
No,12,4,2,8858,2,2,0,0,1
No,2,3,2,16756,2,4,0,0,1
No,25,3,2,10798,3,3,1,0,0
Yes,9,4,3,2323,2,3,0,0,1
Yes,10,3,2,1416,1,2,0,0,1
No,8,4,2,4615,1,3,1,0,0
Yes,4,1,3,2461,3,4,0,1,0
Yes,24,2,2,8722,1,2,0,0,1
No,1,1,2,3955,1,3,0,1,0
No,20,3,3,9957,3,2,0,1,0
No,7,2,4,3376,3,3,0,1,0
No,17,3,2,8823,1,2,0,1,0
No,20,1,3,10322,4,3,0,1,0
No,8,1,1,4621,4,3,0,1,0
No,2,4,3,10976,2,3,0,1,0
No,10,3,3,3660,4,4,0,0,1
Yes,1,2,2,10482,4,3,0,1,0
No,5,4,2,7119,3,3,1,0,0
Yes,4,4,3,9582,1,3,0,0,1
Yes,29,1,2,4508,2,3,0,0,1
No,15,1,3,2207,4,2,1,0,0
No,3,1,3,7756,3,2,0,0,1
No,10,4,2,6694,3,3,1,0,0
Yes,4,4,3,3691,2,4,0,1,0
Yes,21,1,3,2377,3,2,1,0,0
Yes,25,1,2,2313,2,3,0,0,1
No,2,4,3,17665,4,3,0,1,0
Yes,1,1,2,2596,1,3,1,0,0
Yes,1,4,3,4728,4,3,0,0,1
No,7,4,3,4302,3,3,0,1,0
No,3,3,2,2979,4,3,0,1,0
No,1,1,4,16885,3,2,0,0,1
No,9,2,2,5593,4,3,0,1,0
No,7,2,3,10445,4,3,0,0,1
No,10,3,2,8740,2,3,1,0,0
No,28,3,3,2514,1,3,1,0,0
No,3,4,3,7655,2,2,1,0,0
No,3,1,3,17465,4,3,0,1,0
No,2,4,3,7351,3,3,0,0,1
No,27,3,3,10820,3,3,0,1,0
Yes,2,1,3,12169,4,3,1,0,0
No,14,3,2,19626,1,4,0,0,1
No,1,4,2,2070,3,4,0,0,1
No,9,3,3,6782,3,2,0,0,1
No,18,1,3,7779,1,3,0,0,1
No,20,3,4,2791,1,3,0,1,0
No,2,1,2,3201,1,1,0,1,0
No,11,4,3,4968,4,3,1,0,0
No,8,4,2,13120,2,3,0,1,0
No,2,4,3,4033,4,2,0,0,1
No,10,4,3,3291,4,2,1,0,0
No,29,2,1,4272,1,3,0,0,1
No,8,2,2,5056,3,2,0,1,0
No,1,3,4,2844,4,4,0,1,0
No,6,3,2,2703,4,3,1,0,0
Yes,8,3,3,1904,4,3,0,0,1
Yes,9,1,3,8224,1,3,0,0,1
No,12,2,3,4766,1,3,0,1,0
Yes,15,3,3,2610,3,2,0,1,0
No,25,3,2,5731,3,3,1,0,0
No,6,4,2,2539,3,3,0,1,0
No,9,2,3,5714,1,2,0,1,0
No,8,3,3,4323,2,1,0,0,1
Yes,23,4,2,7336,1,1,0,1,0
No,9,2,3,13499,3,2,0,0,1
Yes,12,3,3,13758,2,2,0,0,1
No,4,2,3,5155,4,4,0,0,1
No,1,4,2,2258,2,3,0,1,0
No,24,4,3,3597,4,3,0,0,1
Yes,12,3,3,2515,4,2,0,1,0
No,3,1,4,4420,2,3,0,1,0
No,10,3,2,6578,1,3,0,1,0
No,26,3,2,4422,4,1,0,1,0
No,2,3,2,10274,2,4,1,0,0
No,1,4,2,5343,3,3,0,0,1
No,4,4,2,2376,2,4,0,1,0
Yes,9,1,1,5346,2,2,0,0,1
No,2,3,3,2827,3,3,1,0,0
No,4,4,3,19943,4,3,1,0,0
No,6,2,3,3131,1,3,0,1,0
No,9,3,3,2552,3,3,0,0,1
No,7,1,3,4477,3,2,0,1,0
No,1,4,2,6474,2,2,0,1,0
No,3,1,2,3033,1,2,0,0,1
Yes,10,3,3,2936,3,3,0,0,1
No,7,4,3,18606,2,3,1,0,0
No,15,2,1,2168,1,2,0,1,0
Yes,3,3,2,2853,2,3,0,1,0
No,2,3,3,17048,1,3,0,1,0
No,17,4,1,2290,4,3,0,0,1
No,2,2,3,3600,4,3,0,1,0
Yes,5,1,2,2107,1,1,1,0,0
No,29,3,3,4115,3,3,1,0,0
No,2,2,3,4327,4,3,0,1,0
No,2,4,3,17856,3,3,0,1,0
No,19,4,2,3196,3,3,0,1,0
No,15,4,3,19081,1,3,0,1,0
No,17,3,3,8966,4,3,0,1,0
Yes,17,4,3,2210,1,1,0,1,0
No,25,2,3,4539,1,2,0,1,0
No,6,3,1,2741,3,3,1,0,0
No,7,3,3,3491,1,2,1,0,0
No,29,4,3,4541,2,3,0,0,1
No,21,3,4,2678,4,3,0,0,1
No,2,4,3,7379,3,2,1,0,0
No,2,4,4,6272,1,4,0,1,0
No,7,2,4,5220,2,3,1,0,0
No,13,3,2,2743,3,3,0,1,0
No,2,4,3,4998,4,3,0,0,1
No,1,3,1,10252,3,3,1,0,0
No,9,1,3,2781,2,3,0,1,0
No,10,2,2,6852,2,4,1,0,0
No,10,3,3,4950,2,3,0,0,1
No,1,4,3,3579,1,3,0,1,0
No,26,1,3,13191,3,3,0,1,0
No,8,3,2,10377,2,2,0,1,0
No,14,1,3,2235,4,2,0,1,0
No,1,4,3,10502,1,1,1,0,0
No,2,1,4,2011,4,3,0,1,0
Yes,10,1,2,1859,2,4,0,0,1
No,1,1,3,3760,1,3,1,0,0
No,3,4,3,17779,1,3,0,1,0
No,11,3,3,6833,4,2,0,1,0
No,24,3,2,6812,2,3,0,0,1
No,3,3,2,5171,4,3,0,0,1
No,3,3,1,19740,2,3,0,1,0
No,4,1,2,18711,3,4,0,1,0
No,3,3,3,3692,3,2,0,1,0
No,2,4,4,2559,3,2,0,0,1
No,4,1,3,2517,2,3,1,0,0
No,7,3,3,6623,2,3,1,0,0
No,1,4,2,18265,3,4,0,0,1
No,1,4,2,16124,2,2,1,0,0
No,20,3,4,2585,4,2,0,1,0
No,5,2,3,18213,3,3,0,1,0
No,10,4,4,8380,4,3,1,0,0
No,25,2,4,2994,4,3,0,0,1
No,1,4,3,1223,4,3,0,1,0
Yes,24,3,1,1118,4,3,0,0,1
No,4,3,3,2875,2,2,0,0,1
Yes,2,1,1,18824,1,3,0,0,1
No,8,4,2,13577,4,3,1,0,0
Yes,10,1,2,2625,3,1,0,0,1
No,4,4,2,18789,3,3,0,1,0
No,2,3,3,4538,4,3,0,0,1
No,9,4,3,19847,1,2,1,0,0
No,18,4,3,10512,4,2,0,0,1
No,19,3,3,4444,3,4,1,0,0
No,1,4,3,2154,3,2,0,0,1
No,4,3,4,19190,4,2,1,0,0
No,11,3,2,4490,4,4,0,1,0
No,6,3,3,3506,4,3,0,1,0
No,7,2,4,2372,4,3,0,1,0
No,4,4,2,10231,4,4,0,0,1
No,2,3,3,5410,4,3,0,0,1
Yes,15,1,3,7978,4,3,0,1,0
No,2,4,2,3867,2,3,0,1,0
No,6,2,2,2838,2,2,0,0,1
No,9,3,3,4695,3,3,0,0,1
Yes,7,2,3,3339,1,3,1,0,0
No,1,4,3,2080,2,2,0,0,1
No,1,4,3,2096,4,2,0,0,1
No,8,3,4,6209,3,4,0,1,0
No,25,2,3,18061,3,3,0,0,1
No,13,3,2,17123,4,3,1,0,0
No,23,1,3,2372,4,3,1,0,0
Yes,7,4,3,4883,1,3,0,1,0
Yes,23,3,3,3904,1,3,0,0,1
No,6,1,2,4627,1,3,0,1,0
No,10,4,3,7094,1,3,0,1,0
No,1,4,3,3423,3,4,0,0,1
No,1,3,1,6674,1,3,0,1,0
No,28,4,3,16880,2,3,0,1,0
Yes,25,4,2,9094,3,3,0,0,1
Yes,5,2,3,8446,3,2,0,0,1
No,17,2,3,11916,4,3,0,1,0
No,18,1,3,4534,1,3,0,0,1
No,2,4,3,9852,1,2,1,0,0
No,10,3,1,6151,1,3,0,0,1
Yes,1,4,3,2302,1,4,0,0,1
Yes,3,1,3,2362,3,4,0,1,0
No,2,3,3,17861,4,2,0,1,0
No,2,4,1,19187,4,3,0,1,0
No,8,4,3,19717,1,3,0,0,1
No,16,3,3,3544,2,3,1,0,0
No,9,4,3,8500,4,2,1,0,0
No,2,3,3,4661,3,3,0,0,1
No,1,3,3,4103,4,3,1,0,0
No,4,3,3,4249,2,3,0,0,1
No,5,3,3,14026,2,3,1,0,0
No,2,2,3,6893,4,3,1,0,0
No,15,3,3,6125,4,4,0,0,1
No,19,4,3,3669,3,2,0,1,0
Yes,7,3,2,10008,4,2,0,1,0
No,1,2,3,2387,3,3,0,1,0
No,7,1,4,4639,4,2,0,1,0
No,4,4,3,7898,3,3,0,0,1
No,11,3,4,2534,2,3,0,1,0
No,11,4,2,13142,2,2,0,0,1
No,1,4,3,1611,3,4,0,0,1
No,1,4,2,5363,2,3,0,1,0
No,2,4,1,5071,2,3,0,0,1
Yes,13,1,4,13695,3,2,0,0,1
No,23,4,3,13402,1,3,0,1,0
No,26,1,2,2029,3,3,1,0,0
No,2,2,4,6377,2,3,1,0,0
No,29,2,3,5429,1,3,0,1,0
Yes,2,3,2,2785,3,4,0,0,1
Yes,18,4,3,4614,3,2,0,1,0
No,7,4,4,2610,4,3,1,0,0
No,2,3,3,6687,4,4,0,0,1
No,26,3,2,4724,3,3,0,1,0
Yes,22,4,3,6179,4,2,0,1,0
No,21,1,2,6120,4,4,0,1,0
No,2,2,3,10596,2,3,0,1,0
No,22,4,3,5467,1,2,1,0,0
No,4,3,3,2996,4,3,0,1,0
No,5,2,3,9998,1,4,0,1,0
No,2,3,3,4078,1,2,0,1,0
No,25,3,3,10920,2,3,0,1,0
No,18,1,4,6232,2,2,0,1,0
No,28,4,4,13247,2,2,0,1,0
No,6,1,2,4081,1,1,0,0,1
No,10,4,2,5769,4,3,0,1,0
Yes,17,4,3,2394,4,3,0,0,1
No,2,1,2,3904,4,3,0,0,1
No,10,3,3,16799,3,3,0,1,0
No,8,3,3,2950,3,1,0,1,0
No,11,1,3,3629,1,3,0,0,1
No,18,3,3,9362,3,3,0,0,1
No,1,1,3,3229,2,2,0,1,0
No,7,3,4,3578,4,3,0,0,1
No,17,2,2,7988,1,2,0,0,1
Yes,28,1,2,4284,1,3,0,0,1
Yes,14,3,3,7553,1,3,0,0,1
No,1,4,3,17328,4,2,0,0,1
No,1,4,3,19701,3,3,0,1,0
No,1,2,4,14732,4,4,1,0,0
No,3,1,3,9278,4,3,0,0,1
Yes,1,2,1,1359,2,3,0,0,1
No,7,4,3,4779,2,3,1,0,0
No,8,1,3,16422,3,4,0,0,1
No,1,4,3,2996,3,3,1,0,0
Yes,8,1,2,1261,3,4,0,0,1
No,11,2,3,2099,2,4,0,1,0
No,4,1,2,5810,3,2,0,0,1
No,16,3,2,5647,1,2,0,1,0
No,1,1,3,3420,3,2,0,1,0
Yes,9,1,2,4400,1,3,0,1,0
No,5,3,4,3500,1,1,0,0,1
No,1,1,3,2066,4,4,0,1,0
No,2,1,3,17169,2,4,0,1,0
No,4,4,3,4162,3,3,0,1,0
No,7,4,3,9204,3,2,0,1,0
No,1,4,2,3294,1,2,0,1,0
No,5,2,4,2127,1,2,0,1,0
No,9,3,3,3975,3,4,1,0,0
No,8,1,3,10793,1,3,1,0,0
Yes,9,1,3,10096,1,4,1,0,0
Yes,2,1,2,3646,2,4,0,0,1
Yes,1,3,4,7446,1,3,0,0,1
No,20,2,1,10851,2,3,1,0,0
No,8,4,4,2109,4,3,0,0,1
Yes,2,2,3,3722,3,1,0,1,0
No,29,2,3,9380,4,4,0,1,0
No,7,3,3,5486,1,3,1,0,0
Yes,9,1,3,2742,4,3,0,1,0
No,8,4,2,13757,3,3,1,0,0
No,5,4,3,8463,4,3,0,0,1
No,5,3,2,3162,4,3,0,0,1
No,2,4,4,16598,2,2,0,0,1
No,5,1,3,6651,2,2,0,1,0
No,2,3,3,2345,3,4,1,0,0
No,20,4,3,3420,3,2,0,0,1
No,7,4,3,4373,1,3,0,1,0
No,3,4,1,4759,4,3,0,0,1
No,16,4,3,5301,3,2,0,1,0
No,9,1,3,3673,3,3,0,0,1
No,1,1,3,4768,3,2,0,1,0
No,7,3,3,1274,2,2,1,0,0
No,1,2,4,4900,1,2,0,1,0
No,7,3,3,10466,2,3,1,0,0
No,15,2,3,17007,4,2,1,0,0
Yes,1,1,3,2909,4,4,0,1,0
Yes,13,1,3,5765,1,1,0,0,1
Yes,24,1,2,4599,3,4,0,0,1
No,7,4,3,2404,1,3,0,1,0
Yes,9,2,3,3172,3,2,0,0,1
No,13,4,3,2033,3,3,0,1,0
No,2,2,3,10209,2,2,0,0,1
No,19,3,2,8620,3,3,1,0,0
No,1,3,3,2064,1,4,1,0,0
No,4,4,3,4035,2,3,0,1,0
No,4,1,2,3838,4,3,0,1,0
No,14,3,3,4591,3,2,0,1,0
Yes,2,3,2,2561,3,2,0,0,1
No,1,1,2,1563,4,1,1,0,0
No,7,3,3,4898,4,3,0,0,1
No,3,3,2,4789,1,3,0,1,0
No,2,4,3,3180,3,3,0,1,0
No,29,3,1,6549,2,2,0,1,0
No,8,4,3,6388,1,3,0,0,1
No,10,3,3,11244,2,4,0,0,1
No,11,2,3,16032,1,3,1,0,0
Yes,1,1,2,2362,3,1,0,0,1
No,28,4,3,16328,3,4,0,1,0
No,6,2,3,8376,4,3,0,0,1
No,3,3,3,16606,4,4,0,1,0
No,16,4,2,8606,4,1,0,0,1
No,20,1,3,2272,2,3,0,0,1
Yes,9,4,3,2018,2,1,0,0,1
No,1,4,2,7083,4,3,0,1,0
Yes,3,4,3,4084,1,1,0,0,1
No,22,3,1,14411,4,3,0,0,1
No,7,2,3,2308,2,3,0,1,0
No,2,3,2,4841,2,3,0,1,0
No,13,1,3,4285,1,3,0,1,0
No,8,3,1,9715,3,3,0,1,0
No,25,4,2,4320,4,3,0,0,1
No,28,4,3,2132,4,3,0,1,0
No,2,4,3,10124,3,1,0,1,0
No,9,1,3,5473,4,4,0,1,0
No,28,2,3,5207,2,3,0,1,0
No,6,3,3,16437,4,3,0,0,1
No,21,3,2,2296,2,3,1,0,0
No,8,4,3,4069,3,3,1,0,0
No,1,1,3,7441,1,3,1,0,0
No,28,2,2,2430,1,3,0,1,0
No,5,4,2,5878,1,3,0,1,0
No,2,3,3,2644,4,2,0,0,1
No,16,3,3,6439,3,3,1,0,0
No,9,3,4,2451,1,2,0,1,0
No,8,1,3,6392,4,1,0,1,0
Yes,1,2,2,9714,4,3,0,1,0
No,10,3,3,6077,3,3,0,1,0
No,1,4,2,2450,2,3,0,0,1
No,29,3,3,9250,2,3,0,1,0
Yes,2,1,3,2074,4,3,1,0,0
Yes,2,3,2,10169,2,3,0,1,0
Yes,2,3,3,4855,1,3,0,1,0
No,1,4,3,4087,2,2,0,1,0
No,15,3,3,2367,4,2,0,1,0
No,7,1,3,2972,3,1,0,0,1
No,26,3,2,19586,3,3,0,1,0
No,1,2,3,5484,2,2,0,1,0
No,3,1,3,2061,1,3,0,1,0
No,14,3,3,9924,4,3,0,1,0
No,16,2,3,4198,2,4,0,0,1
No,1,2,3,6815,1,3,0,0,1
No,3,2,3,4723,4,3,0,0,1
No,10,1,3,6142,3,3,0,0,1
No,6,4,4,8237,1,3,0,1,0
No,2,1,3,8853,4,4,1,0,0
No,9,3,3,19331,3,3,0,1,0
No,10,4,4,2073,4,3,0,1,0
No,6,1,4,5562,4,3,0,1,0
No,9,4,2,19613,4,3,0,0,1
No,28,2,4,3407,4,2,0,1,0
No,10,4,2,5063,2,2,0,1,0
No,14,4,3,4639,3,3,0,1,0
No,27,4,4,4876,3,3,1,0,0
No,7,3,2,2690,4,2,0,1,0
No,1,4,4,17567,2,1,0,0,1
Yes,24,3,3,2408,3,3,0,1,0
No,26,2,2,2814,2,2,0,1,0
No,20,2,3,11245,3,3,0,1,0
No,5,2,4,3312,4,3,0,1,0
No,7,2,3,19049,4,2,1,0,0
No,7,2,2,2141,2,2,0,1,0
No,5,3,1,5769,1,3,0,0,1
No,26,1,2,4385,1,3,0,1,0
No,2,4,3,5332,4,3,0,0,1
No,12,3,3,4663,2,3,0,1,0
No,10,3,4,4724,1,3,1,0,0
No,25,3,3,3211,4,2,0,1,0
No,10,2,3,5377,4,3,0,1,0
No,19,4,2,4066,1,3,1,0,0
No,18,2,4,5208,4,3,0,1,0
No,27,2,1,4877,2,2,1,0,0
No,5,3,3,3117,3,3,0,0,1
Yes,3,2,3,1569,3,4,0,0,1
No,26,4,3,19658,3,3,0,1,0
No,3,3,2,3069,4,3,1,0,0
No,15,1,2,10435,4,3,0,1,0
No,8,3,3,4148,4,3,0,1,0
No,19,3,3,5768,1,2,0,1,0
No,4,1,3,5042,4,1,0,0,1
No,2,4,2,5770,1,3,1,0,0
No,2,4,2,7756,4,4,0,1,0
Yes,10,4,2,10306,3,3,0,1,0
No,10,2,3,3936,1,1,0,1,0
No,16,3,3,7945,4,2,0,0,1
No,1,1,3,5743,3,3,0,1,0
No,4,3,2,15202,2,3,0,1,0
Yes,15,1,1,5440,4,2,1,0,0
No,2,1,3,3760,3,3,0,0,1
No,8,2,4,3517,1,3,0,1,0
No,2,4,3,2580,3,2,0,0,1
Yes,7,1,3,2166,2,1,0,0,1
No,10,3,2,5869,3,3,0,0,1
No,5,2,3,8008,3,3,0,1,0
No,2,4,4,5206,3,3,1,0,0
No,12,4,3,5295,3,3,0,1,0
No,22,1,3,16413,2,3,0,1,0
No,17,4,2,13269,3,3,1,0,0
No,2,3,3,2783,1,3,0,0,1
No,3,4,3,5433,3,3,1,0,0
No,7,1,3,2013,3,3,0,0,1
No,6,3,2,13966,2,3,0,1,0
No,1,4,2,4374,3,3,0,1,0
No,3,4,4,6842,1,3,1,0,0
No,22,2,3,17426,3,3,0,1,0
No,15,3,2,17603,1,3,0,1,0
Yes,12,4,3,4581,1,4,0,0,1
No,1,4,3,4735,4,4,0,1,0
No,5,1,2,4187,2,2,1,0,0
No,2,4,3,5505,3,3,1,0,0
No,2,4,3,5470,3,2,1,0,0
No,5,1,3,5476,1,3,0,1,0
No,16,4,3,2587,2,2,1,0,0
No,2,4,2,2440,2,3,0,0,1
No,2,2,4,15972,3,3,1,0,0
No,1,3,3,15379,1,3,0,0,1
No,23,4,3,7082,4,3,0,0,1
No,9,4,3,2728,1,3,0,0,1
No,16,3,3,5368,3,3,1,0,0
No,26,1,3,5347,2,2,0,1,0
No,1,3,3,3195,1,3,1,0,0
Yes,8,4,2,3989,1,3,0,0,1
No,4,4,3,3306,4,2,0,1,0
No,24,2,4,7005,3,3,0,1,0
Yes,7,4,3,2655,3,3,0,1,0
Yes,2,4,3,1393,1,3,0,0,1
No,7,4,3,2570,3,3,0,0,1
No,22,1,2,3537,4,3,1,0,0
No,5,2,2,3986,3,4,0,1,0
No,1,3,1,10883,3,4,1,0,0
No,21,2,4,2028,4,3,0,1,0
No,1,3,1,9525,3,2,1,0,0
No,19,2,2,2929,2,3,0,1,0
Yes,7,3,3,2275,2,3,1,0,0
No,2,3,4,7879,2,3,0,1,0
No,2,1,2,4930,3,4,0,0,1
No,2,4,3,7847,1,3,0,1,0
No,9,3,4,4401,4,3,0,1,0
No,6,4,3,9241,2,3,0,0,1
No,9,4,3,2974,3,3,0,1,0
No,2,3,3,4502,3,2,0,0,1
No,1,3,2,10748,4,2,0,1,0
Yes,22,4,1,1555,3,3,0,1,0
Yes,9,3,1,12936,3,1,0,1,0
No,17,4,1,2305,3,4,0,1,0
No,28,4,2,16704,3,3,0,0,1
No,10,1,3,3433,1,2,0,1,0
No,2,2,3,3477,4,4,0,1,0
No,4,3,1,6430,2,3,0,1,0
No,8,2,3,6516,2,3,0,1,0
No,29,2,3,3907,2,4,1,0,0
No,13,3,3,5562,4,3,0,0,1
No,27,4,3,6883,2,3,0,1,0
No,16,2,3,2862,2,2,0,1,0
No,2,3,3,4978,4,1,0,1,0
No,2,3,3,10368,2,2,1,0,0
Yes,13,2,2,6134,2,3,1,0,0
Yes,1,1,1,6735,2,3,0,0,1
No,4,3,3,3295,3,1,0,0,1
No,24,4,3,5238,4,2,0,0,1
No,1,4,3,6472,4,3,0,1,0
No,19,4,1,9610,3,1,0,1,0
No,7,2,3,19833,2,2,0,0,1
No,4,3,1,9756,3,4,0,1,0
No,2,4,2,4968,4,3,0,0,1
No,10,1,3,2145,4,3,0,1,0
Yes,8,3,2,2180,3,2,1,0,0
No,5,1,3,8346,3,3,0,1,0
No,8,3,3,3445,3,2,0,0,1
Yes,9,2,1,2760,3,3,0,0,1
No,1,4,4,6294,4,4,0,0,1
No,15,3,2,7140,1,3,1,0,0
No,2,4,4,2932,1,3,0,1,0
No,2,4,3,5147,4,2,0,0,1
No,11,4,3,4507,3,4,0,0,1
Yes,16,1,3,8564,3,2,0,0,1
No,2,3,2,2468,2,2,0,1,0
Yes,16,1,3,8161,1,3,0,1,0
No,4,4,2,2109,3,3,1,0,0
No,16,3,4,5294,3,3,0,1,0
No,5,2,3,2718,2,3,0,0,1
No,18,2,1,5811,3,3,0,1,0
Yes,17,3,2,2437,4,3,0,1,0
No,12,2,3,2766,2,2,1,0,0
No,2,3,2,19038,2,3,0,1,0
No,4,4,3,3055,4,2,1,0,0
No,9,3,3,2289,2,3,1,0,0
No,10,4,3,4001,3,3,1,0,0
No,1,1,2,12965,4,2,0,1,0
No,2,2,3,3539,2,3,0,0,1
No,3,4,1,6029,1,3,0,0,1
Yes,7,2,3,2679,2,3,0,0,1
No,6,4,2,3702,2,3,0,1,0
Yes,8,3,3,2398,3,3,0,1,0
No,29,1,2,5468,1,3,0,1,0
No,3,1,3,13116,4,3,0,1,0
No,9,2,2,4189,1,3,0,1,0
No,2,3,3,19328,3,3,1,0,0
No,10,4,3,8321,4,3,0,1,0
Yes,1,3,3,2342,3,2,1,0,0
No,8,3,3,4071,3,2,1,0,0
Yes,27,3,3,5813,4,3,0,0,1
No,8,4,4,3143,2,3,0,1,0
No,1,3,3,2044,3,4,0,1,0
No,10,3,3,13464,3,3,0,0,1
No,26,2,2,7991,3,3,0,0,1
No,2,3,3,3377,4,2,0,1,0
No,13,2,4,5538,3,2,0,1,0
No,2,2,3,5762,3,3,1,0,0
No,2,1,3,2592,4,3,1,0,0
Yes,9,4,3,5346,3,2,0,1,0
Yes,10,4,3,4213,2,1,0,0,1
No,20,3,3,4127,4,3,1,0,0
No,9,1,3,2438,3,2,0,0,1
No,5,2,4,6870,1,1,0,0,1
No,4,3,3,10447,4,4,1,0,0
No,10,1,3,9667,2,3,0,0,1
Yes,20,4,3,2148,3,3,0,1,0
Yes,21,4,3,8926,4,4,0,1,0
No,1,3,3,6513,4,3,1,0,0
No,8,2,4,6799,3,3,0,1,0
No,2,2,3,16291,4,2,1,0,0
No,23,2,1,2705,2,4,0,1,0
No,4,3,2,10333,3,3,1,0,0
No,12,2,3,4448,2,3,1,0,0
No,7,4,3,6854,2,2,0,1,0
No,7,1,3,9637,4,3,0,1,0
No,1,3,3,3591,3,3,0,1,0
No,2,2,1,5405,1,2,0,1,0
No,10,3,3,4684,1,3,0,0,1
No,15,1,3,15787,2,3,0,1,0
No,14,2,3,1514,3,1,0,0,1
Yes,18,4,4,2956,3,3,0,1,0
Yes,13,1,2,2335,4,3,1,0,0
No,2,3,3,5154,2,4,0,1,0
No,2,4,3,6962,4,3,0,1,0
No,2,1,3,5675,3,3,0,1,0
No,5,4,3,2379,3,2,0,0,1
No,20,4,3,3812,2,4,0,1,0
No,10,4,3,4648,3,4,0,0,1
No,10,3,3,2936,2,2,0,1,0
No,9,2,3,2105,3,3,0,0,1
No,2,4,3,8578,3,2,1,0,0
No,1,3,3,2706,2,3,1,0,0
No,29,4,1,6384,4,3,1,0,0
No,8,4,3,3968,4,3,0,0,1
Yes,2,3,2,9907,3,2,0,0,1
No,3,1,4,13225,4,3,1,0,0
No,23,2,2,3540,4,3,0,1,0
No,6,4,2,2804,4,3,0,1,0
No,6,1,2,19392,4,3,0,1,0
No,10,4,2,19665,4,3,0,1,0
Yes,24,4,2,2439,2,2,0,0,1
Yes,10,3,3,7314,3,3,0,1,0
No,15,4,2,4774,4,2,0,1,0
No,19,4,3,3902,2,3,1,0,0
No,2,2,2,2662,2,4,0,1,0
No,3,2,3,2856,4,3,0,1,0
Yes,9,2,3,1081,3,2,0,0,1
Yes,7,4,3,2472,1,3,0,0,1
No,10,2,2,5673,1,3,0,1,0
No,20,2,3,4197,1,3,1,0,0
No,4,3,3,9713,4,3,0,1,0
No,7,4,3,2062,2,3,0,0,1
No,7,4,3,4284,3,3,0,1,0
No,16,4,2,4788,4,3,0,1,0
No,25,2,2,5906,4,2,0,1,0
No,2,2,2,3886,4,2,0,0,1
No,1,1,3,16823,1,3,1,0,0
No,1,2,2,2933,3,2,0,1,0
No,2,1,4,6500,2,2,0,0,1
No,22,4,3,17174,2,3,1,0,0
No,1,2,4,5033,4,3,0,1,0
Yes,16,4,1,2307,2,3,0,1,0
Yes,24,1,3,2587,4,3,0,0,1
No,17,3,2,5507,3,1,0,1,0
No,8,3,3,4393,3,3,0,1,0
No,6,3,3,13348,2,4,0,1,0
No,10,3,3,6583,4,3,1,0,0
No,3,4,2,8103,3,2,0,1,0
No,4,1,4,3978,2,2,1,0,0
No,6,3,4,2544,1,3,0,1,0
No,1,2,3,5399,3,3,0,0,1
No,10,2,3,5487,2,2,0,0,1
No,1,3,2,6834,3,3,0,1,0
Yes,24,3,4,1091,4,3,0,0,1
No,21,1,1,5736,3,3,0,1,0
No,2,2,3,2226,3,2,0,1,0
No,22,3,2,5747,2,3,0,1,0
Yes,13,4,3,9854,4,3,0,0,1
No,14,3,3,5467,3,4,0,1,0
No,11,4,2,5380,3,3,0,1,0
No,9,1,3,5151,4,3,0,1,0
No,8,4,2,2133,3,3,1,0,0
No,21,4,3,17875,3,2,0,1,0
Yes,5,1,4,2432,1,3,0,0,1
No,9,2,3,4771,4,4,1,0,0
No,2,2,3,19161,4,3,0,1,0
No,12,2,3,5087,3,3,1,0,0
Yes,22,1,2,2863,1,3,0,1,0
No,18,2,3,5561,4,1,0,1,0
No,16,3,3,2144,3,2,0,0,1
No,3,3,3,3065,4,4,1,0,0
No,9,1,4,2810,2,3,0,1,0
No,1,1,3,9888,1,2,0,0,1
No,13,4,3,8628,3,2,1,0,0
No,1,3,3,2867,4,2,0,0,1
No,1,1,3,5373,1,2,0,1,0
No,15,3,3,6667,2,3,1,0,0
No,1,4,1,5003,2,3,0,1,0
Yes,17,3,2,2367,1,2,1,0,0
No,1,1,2,2858,1,2,0,0,1
No,7,3,3,5204,4,3,0,1,0
No,9,4,3,4105,1,3,0,0,1
No,5,4,2,9679,2,3,0,0,1
Yes,26,1,3,5617,3,3,0,1,0
Yes,24,1,3,10448,2,2,0,0,1
No,9,1,3,2897,3,2,0,1,0
No,7,4,3,5968,3,3,1,0,0
No,11,1,3,7510,2,3,0,1,0
No,1,4,3,2991,2,3,0,1,0
No,26,3,4,19636,1,3,0,1,0
No,2,4,1,1129,3,3,1,0,0
No,15,2,3,13341,1,3,0,0,1
No,23,4,2,4332,4,3,0,0,1
No,10,3,3,11031,3,4,0,1,0
No,10,3,3,4440,4,3,0,0,1
No,1,2,2,4617,2,2,0,0,1
No,12,4,3,2647,3,4,0,0,1
No,11,4,3,6323,1,4,0,1,0
No,2,2,3,5677,3,3,0,1,0
No,2,3,3,2187,3,3,0,1,0
No,1,4,3,3748,3,2,0,1,0
No,2,4,3,3977,3,2,1,0,0
No,25,1,3,8633,2,3,0,0,1
No,1,2,2,2008,3,2,1,0,0
No,1,4,3,4440,1,3,0,1,0
No,2,1,3,3067,3,3,0,1,0
No,6,1,2,5321,4,3,0,1,0
No,18,4,3,5410,3,2,1,0,0
No,1,4,3,2782,1,3,0,1,0
No,1,3,3,11957,1,1,0,1,0
No,11,4,3,2660,3,3,0,1,0
No,1,4,3,3375,4,4,0,0,1
No,9,2,3,5098,2,3,0,0,1
No,15,2,3,4878,1,3,0,1,0
No,29,3,2,2837,3,3,0,0,1
No,1,1,3,2406,3,2,0,1,0
No,1,2,2,2269,2,3,0,1,0
No,24,1,3,4108,1,3,0,0,1
No,10,2,1,13206,1,3,0,1,0
No,1,3,3,10422,3,3,0,1,0
No,10,3,4,13744,1,3,0,1,0
No,8,1,3,4907,2,2,1,0,0
No,29,1,3,3482,2,2,1,0,0
No,1,2,3,2436,3,3,0,0,1
No,5,3,3,2380,4,3,0,0,1
No,9,4,3,19431,3,2,0,0,1
Yes,9,4,3,1790,1,2,0,1,0
No,3,1,2,7644,3,3,0,1,0
No,4,4,3,5131,2,3,1,0,0
No,1,3,3,6306,1,2,1,0,0
Yes,1,1,3,4787,2,4,0,1,0
No,2,1,3,18880,1,2,0,1,0
Yes,7,4,3,2339,4,1,0,1,0
No,28,1,2,13570,3,3,0,1,0
No,28,4,2,6712,4,3,0,1,0
No,15,4,1,5406,1,2,1,0,0
No,3,3,2,8938,3,3,1,0,0
No,2,4,3,2439,4,3,0,0,1
No,26,3,3,8837,3,3,0,0,1
No,10,1,3,5343,3,3,0,1,0
Yes,1,2,3,6728,4,3,1,0,0
No,11,2,2,6652,1,2,0,1,0
No,20,4,3,4850,3,3,0,0,1
No,2,3,2,2809,4,3,0,0,1
No,18,3,3,5689,4,4,0,1,0
No,2,3,3,2001,2,3,0,1,0
No,1,3,1,2977,4,3,0,1,0
No,13,4,2,4025,1,3,0,1,0
No,28,4,2,3785,2,1,0,0,1
Yes,28,4,2,10854,2,3,1,0,0
No,24,2,2,12031,1,2,0,1,0
No,5,2,3,9936,2,3,0,0,1
No,5,4,2,2966,4,3,0,0,1
No,23,3,4,2571,3,3,0,1,0
No,6,4,2,9991,1,3,0,1,0
No,4,2,4,6142,2,3,0,1,0
No,2,4,2,5390,4,2,0,1,0
No,8,2,4,4404,1,4,0,1,0
No,1,1,3,7441,1,3,1,0,0
No,28,2,2,2430,1,3,0,1,0
No,5,4,2,5878,1,3,0,1,0
No,2,3,3,2644,4,2,0,0,1
No,16,3,3,6439,3,3,1,0,0
No,9,3,4,2451,1,2,0,1,0
No,8,1,3,6392,4,1,0,1,0
Yes,1,2,2,9714,4,3,0,1,0
No,10,3,3,6077,3,3,0,1,0
No,1,4,2,2450,2,3,0,0,1
No,29,3,3,9250,2,3,0,1,0
Yes,2,1,3,2074,4,3,1,0,0
Yes,2,3,2,10169,2,3,0,1,0
Yes,2,3,3,4855,1,3,0,1,0
No,1,4,3,4087,2,2,0,1,0
No,15,3,3,2367,4,2,0,1,0
No,7,1,3,2972,3,1,0,0,1
No,26,3,2,19586,3,3,0,1,0
No,1,2,3,5484,2,2,0,1,0
No,3,1,3,2061,1,3,0,1,0
No,14,3,3,9924,4,3,0,1,0
No,16,2,3,4198,2,4,0,0,1
No,1,2,3,6815,1,3,0,0,1
No,3,2,3,4723,4,3,0,0,1
No,10,1,3,6142,3,3,0,0,1
No,6,4,4,8237,1,3,0,1,0
No,2,1,3,8853,4,4,1,0,0
No,9,3,3,19331,3,3,0,1,0
No,10,4,4,2073,4,3,0,1,0
No,6,1,4,5562,4,3,0,1,0
